index,text
0,"['stellargirl', 'I', 'loooooooovvvvvveee', 'kindle', 'Not', 'DX', 'cool', '2', 'fantastic', 'right']"
1,"['Reading', 'kindle', 'Love', 'Lee', 'child', 'good', 'read']"
2,"['Ok', 'first', 'assessment', 'kindle', 'fuck', 'rock']"
3,"['kenburbary', 'doull', 'love', 'kindle', 'Ive', 'mine', 'month', 'never', 'look', 'back', 'The', 'new', 'big', 'one', 'huge', 'No', 'need', 'remorse']"
4,"['mikefish', 'Fair', 'enough', 'But', 'kindle', 'I', 'think', 'perfect']"
5,"['richardebaker', 'big', 'Im', 'quite', 'happy', 'kindle']"
6,"['Fuck', 'economy', 'I', 'hate', 'aig', 'non', 'loan', 'give', 'ass']"
7,"['query', 'new', 'best', 'friend']"
8,"['Loves', 'twitter']"
9,"['love', 'ibama', 'make', 'joke']"
10,"['Check', 'video', 'President', 'ibama', 'White', 'House', 'Correspondents', 'Dinner']"
11,"['karol', 'I', 'firmly', 'believe', 'ObamaPelosi', 'ZERO', 'desire', 'civil', 'Its', 'charade', 'slogan', 'want', 'destroy', 'conservatism']"
12,"['House', 'Correspondents', 'dinner', 'last', 'night', 'whoopi', 'barbara', 'amp', 'sherry', 'go', 'ibama', 'get', 'stand', 'ovation']"
13,"['watch', 'EspnJus', 'see', 'new', 'Nike', 'Commerical', 'Puppet', 'Lebronsht', 'hilariousLMAO']"
14,"['dear', 'nike', 'stop', 'haywire', 'shit', 'waste', 'science', 'ugly', 'love', 'vincentx24x']"
15,"['hebron', 'best', 'athlete', 'generation', 'time', 'basketball', 'related', 'I', 'dont', 'want', 'get', 'watersport', 'debate', '12']"
16,"['I', 'talk', 'guy', 'last', 'night', 'tell', 'die', 'hard', 'Spurs', 'fan', 'He', 'also', 'told', 'hate', 'hebron', 'James']"
17,"['love', 'hebron']"
18,"['ludajuice', 'hebron', 'Beast', 'Im', 'still', 'cheer', '4', 'tail', 'end']"
19,"['Pmillzz', 'hebron', 'IS', 'THE', 'BOSS']"
20,"['sketch', 'hebron', 'hometown', 'hero', 'lol', 'I', 'love', 'maker', 'let', 'go', 'car', 'lol']"
21,"['hebron', 'zydrunas', 'awesome', 'duo']"
22,"['wordwhizkid', 'hebron', 'beast', 'nobody', 'NBA', 'come', 'even', 'close']"
23,"['download', 'apps', 'phone', 'So', 'much', 'fun', 'There', 'literally', 'app', 'anything']"
24,"['good', 'news', 'call', 'Visa', 'office', 'say', 'everything', 'finewhat', 'relief', 'I', 'sick', 'scam', 'Stealing']"
25,"['awesome', 'come', 'back', 'biz', 'via', 'fredwilson']"
26,"['In', 'montreal', 'long', 'weekend', 'ramp', 'Much', 'need']"
27,"['Booz', 'Allen', 'Hamilton', 'bad', 'as', 'homegrown', 'social', 'collaboration', 'platform', 'Way', 'cool', 'tiv']"
28,"['MLUC09', 'Customer', 'Innovation', 'Award', 'Winner', 'Booz', 'Allen', 'Hamilton']"
29,"['sophie', 'I', 'current', 'use', 'Nikon', 'd10', 'love', 'much', 'Canon', '40.50', 'I', 'chose', 'd10', 'video', 'feature', 'My', 'mistake']"
30,"['need', 'suggestion', 'good', 'IR', 'filter', 'canon', '40', 'get', 'pls', 'DM']"
31,"['surfeit', 'I', 'checked', 'goole', 'business', 'blip', 'show', 'second', 'entry', 'Huh', 'Is', 'good', 'ba']"
32,"['phyreman9', 'goole', 'always', 'good', 'place', 'look', 'mention', 'I', 'work', 'Mustang', 'w', 'Dad', 'kimble']"
33,"['Played', 'android', 'goole', 'phone', 'The', 'slide', 'screen', 'scare', 'I', 'would', 'break', 'fucker', 'fast', 'Still', 'prefer', 'phone']"
34,"['US', 'planning', 'resume', 'military', 'tribunal', 'Guantanamo', 'Bay', 'time', 'trial', 'AIG', 'exec', 'Chrysler', 'debt', 'holder']"
35,"['omg', 'bore', 'amp', 'tattoo', 'itchy', 'help', 'aha']"
36,"['Im', 'itchy', 'miserable']"
37,"['sekseemess', 'Im', 'itchy', 'Maybe', 'later', 'lol']"
38,"['jessverr', 'I', 'love', 'needy', 'Stanford', 'human', 'biology', 'video', 'make', 'miss', 'school']"
39,"['spinuzzi', 'Has', 'bit', 'crazy', 'steep', 'learn', 'curve', 'lyn', 'really', 'good', 'long', 'doc', 'For', 'anything', 'shorter', 'would', 'insane']"
40,"['Im', 'listen', 'put', 'Danny', 'gooey', 'ltd', 'ltd', 'ltd', 'Aww', 'he', 'amaze', 'I', 'ltd', 'much']"
41,"['go', 'sleep', 'bike', 'ride']"
42,"['cant', 'sleep', 'tooth', 'ache']"
43,"['Blah', 'blah', 'blah', 'old', 'old', 'No', 'plan', 'today', 'go', 'back', 'sleep', 'I', 'guess']"
44,"['glad', 'dint', 'Bay', 'Breakers', 'today', '1000', 'freak', 'degree', 'San', 'Francisco', 'wwf']"
45,"['San', 'Francisco', 'Bay', 'Breakers']"
46,"['land', 'San', 'Francisco']"
47,"['San', 'Francisco', 'today', 'Any', 'suggestion']"
48,"['ibama', 'Administration', 'Must', 'Stop', 'Bonuses', 'AIG', 'ponti', 'Schemers']"
49,"['start', 'think', 'city', 'really', 'deep', 'sapt', 'Are', 'gon', 'na', 'survive', 'turmoil', 'gon', 'na', 'next', 'AIG']"
50,"['ShaunWoo', 'hate', 'AiG']"
51,"['farthing', 'regret', 'go', 'see', 'Star', 'Trek', 'It', 'AWESOME']"
52,"['On', 'way', 'see', 'Star', 'Trek', 'The', 'Esquire']"
53,"['Going', 'see', 'star', 'trek', 'soon', 'dad']"
54,"['annoy', 'new', 'trend', 'internet', 'people', 'pick', 'apart', 'michael', 'lewis', 'malcolm', 'gladwell', 'nobody', 'want', 'read']"
55,"['Bill', 'Simmons', 'conversation', 'Malcolm', 'Gladwell']"
56,"['Highly', 'recommend', 'Malcolm', 'Gladwell']"
57,"['Blink', 'malcolm', 'gladwell', 'amaze', 'book', 'The', 'tip', 'point']"
58,"['Malcolm', 'Gladwell', 'might', 'new', 'man', 'crush']"
59,"['omg', 'The', 'commercial', 'alone', 'esp', 'go', 'drive', 'nut']"
60,"['robmalon', 'Playing', 'Twitter', 'API', 'sound', 'fun', 'May', 'need', 'take', 'class', 'find', 'new', 'friend', 'like', 'generate', 'result', 'API', 'code']"
61,"['play', 'cURL', 'Twitter', 'API']"
62,"['Hello', 'Twitter', 'API']"
63,"['play', 'Java', 'Twitter', 'API']"
64,"['morind45', 'Because', 'twitter', 'api', 'slow', 'client', 'agent', 'good']"
65,"['yahoo', 'answer', 'butt', 'sometimes']"
66,"['scrapbooking', 'Nic', 'D']"
67,"['washable', 'Five', 'Things', 'Wolfram', 'Alpha', 'Does', 'Better', 'And', 'Vastly', 'Different', 'Than', 'goole']"
68,"['change', 'default', 'pic', 'Nike', 'basketball', 'cause', 'ball', 'awesome']"
69,"['Nike', 'own', 'NBA', 'Playoffs', 'ad', 'w', 'hebron', 'Kobe', 'Carmelo', 'Adidas', 'bill', 'Howard', 'Marketing', 'Branding']"
70,"['Next', 'time', 'Ill', 'call', 'Nike']"
71,"['New', 'blow', 'post', 'Nike', 'SB', 'drunk', 'Low', 'Premium', 'White', 'Gum']"
72,"['SmartChickPDX', 'Was', 'told', 'Nike', 'layoff', 'start', 'today']"
73,"['Back', 'I', 'work', 'Nike', 'one', 'fav', 'word', 'JUST', 'DO', 'IT']"
74,"['By', 'way', 'Im', 'totally', 'inspire', 'freaky', 'Nike', 'commercial']"
75,"['give', 'weka', 'app', 'engine', 'interface', 'use', 'bird', 'strike', 'data', 'test', 'logo', 'give']"
76,"['Brand', 'New', 'Canon', 'EOS', '50', 'camp', 'slr', 'Camera', 'Canon', '1785', 'IS', 'Lens', 'Web', 'Technology', 'Thread', 'Brand', 'New', 'Canon', 'EOS', '5']"
77,"['Class', 'The', '50', 'suppose', 'come', 'today']"
78,"['need', 'someone', 'explain', 'lambda', 'calculus']"
79,"['Took', 'Graduate', 'Field', 'Exam', 'Computer', 'Science', 'today', 'Nothing', 'make', 'feel', 'like', 'idiot', 'lambda', 'calculus']"
80,"['SHOUT', 'OUTS', 'TO', 'ALL', 'EAST', 'PALO', 'ALTO', 'FOR', 'BEING', 'IN', 'THE', 'building', 'KARIZMAKAZE', 'local', 'ta', 'ALSO', 'THANKS', 'TO', 'PROFITS', 'OF', 'DOOM', 'UNIVERSAL', 'hemp', 'crack']"
81,"['legalgeekery', 'Yeahhhhhhhhh', 'I', 'couldnt', 'really', 'live', 'East', 'Palo', 'Alto', 'I', 'could', 'avoid', 'I', 'guess', 'summer']"
82,"['accannis', 'edog1203', 'Great', 'Stanford', 'course', 'Thanks', 'make', 'available', 'public', 'Really', 'helpful', 'informative', 'start']"
83,"['india', 'Names', 'Stanfords', 'Bill', 'Dally', 'Chief', 'Scientist', 'VP', 'Of', 'Research']"
84,"['New', 'blow', 'post', 'Harvard', 'Versus', 'Stanford', 'Who', 'Wins']"
85,"['work', 'til', 'pm', 'let', 'go', 'maker']"
86,"['Damn', 'North', 'Korea']"
87,"['Can', 'go', 'ahead', 'blow', 'North', 'Korea', 'map', 'already']"
88,"['North', 'Korea', 'please', 'cease', 'douchebaggery', 'China', 'even', 'like', 'anymore']"
89,"['Why', 'hell', 'pylorus', 'freak', 'China', 'whose', 'dime']"
90,"['Are', 'YOU', 'burning', 'cash', 'Chrysler', 'GM', 'Stop', 'financial', 'tsunami', 'Where', 'bail-out', 'mean', 'take', 'handout']"
91,"['insect', 'infect', 'spinach', 'plant']"
92,"['wish', 'could', 'catch', 'every', 'mosquito', 'world', 'n', 'burn', 'em', 'slowlythey', 'biting', 'shit', 'outta', '2daymosquitos', 'asshole', 'insect']"
93,"['get', 'back', 'church', 'I', 'totally', 'hate', 'insect']"
94,"['Just', 'get', 'mcdonalds', 'goddam', 'egg', 'make', 'sick', 'O', 'yeah', 'Laker', 'date', 'go', 'maker', 'Not', 'much', 'update', 'Well', 'true', 'suck']"
95,"['omg', 'ohhdee', 'want', 'mcdonalds', 'damn', 'wonder', 'open', 'lol']"
96,"['History', 'exam', 'study', 'ugh']"
97,"['I', 'hate', 'revision', 'boring', 'I', 'totally', 'unprepared', 'exam', 'tomorrow', 'Things', 'look', 'good']"
98,"['Higher', 'physic', 'exam', 'tommorrow', 'look', 'forward', 'much']"
99,"['Its', 'bank', 'holiday', 'yet', 'Im', 'work', 'Exam', 'season', 'suck']"
100,"['Cheney', 'Bush', 'real', 'culprit']"
101,"['Lifes', 'bitch', 'Dick', 'Cheney', 'p2', 'part', 'lot', 'cot', 'get', 'inc']"
102,"['Dick', 'cheney', 'dishonest', 'speech', 'torture', 'terror', 'ibama', 'Fred', 'Kaplan', 'Slate']"
103,"['The', 'Republican', 'party', 'bunch', 'anti-abortion', 'zealot', 'couldnt', 'draw', 'fly', 'dump', 'Neal', 'boot', 'radio']"
104,"['titter', 'connection', 'API', 'broken', 'Some', 'sweet', 'dint', 'make', 'Twitter']"
105,"['surely', 'hate', 'stupid', 'twitter', 'API', 'time-out', 'thing', 'soon', 'annoy']"
106,"['psychedelia', 'I', 'really', 'like', 'kswedbergs', 'Learning', 'query', 'book', 'worth', 'look']"
107,"['query', 'UI', '16', 'Book', 'Review']"
108,"['Very', 'Interesting', 'Ad', 'Adobe', 'goodbye', 'Silverstein', 'amp', 'Partners', 'couture', 'Adobe', 'c', 'Le', 'Sens', 'Propre']"
109,"['goodbye', 'Silverstein', 'agency', 'new', 'site', 'Great']"
110,"['designplay', 'goodbye', 'silverstein', 'new', 'site', 'I', 'enjoy', 'nice', 'find']"
111,"['The', 'ever', 'amaze', 'stop', 'goodbye', 'Silverstein', 'amp', 'Partners', 'HP', 'Have', 'go', 'play', 'After', 'Effects']"
112,"['top', 'ten', 'watch', 'ViralVideo', 'Chart', 'Love', 'nike', 'mostvaluablepuppets', 'campaign', 'widen', 'amp', 'Kennedy']"
113,"['omg', 'I', 'G2']"
114,"['Ok', 'lot', 'buzz', '  2009', 'lucky', 'Free', 'G2']"
115,"['get', 'free', 'G2', 'android', 'goole', 'io']"
116,"['Guess', 'Ill', 'retire', 'G1', 'start', 'use', 'developer', 'G2', 'foot', 'googleio']"
117,"['At', 'get', 'fireside', 'chat', 'googleio']"
118,"['I', 'happy', 'Philip', 'GoogleIO', 'today']"
119,"['maker', 'played', 'great', 'Can', 'wait', 'Thursday', 'night', 'maker', 'v']"
120,"['Hi', 'anyone', 'great', 'source', 'advice', 'viral', 'marketing']"
121,"['Judd', 'apathy', 'creates', 'fake', 'sitcom', 'market', 'new', 'movie', 'viral', 'marketing', 'best']"
122,"['Heres', 'A', 'case', 'study', 'use', 'viral', 'marketing', 'add', '10000', 'people', 'list']"
123,"['VIRAL', 'MARKETING', 'FAIL', 'This', 'acid', 'Pills', 'brand', 'oughta', 'get', 'shut', 'hack', 'people', 'messenger', 'get', '56', 'mug', 'day', 'armagh']"
124,"['watch', 'Night', 'The', 'Museum', 'mao']"
125,"['love', 'night', 'museum']"
126,"['go', 'see', 'new', 'night', 'museum', 'movie', 'family', 'oh', 'boy', 'three', 'year', 'old', 'movie', 'fun']"
127,"['get', 'back', 'movie', 'go', 'see', 'new', 'night', 'museum', 'rachel', 'good']"
128,"['Just', 'saw', 'new', 'Night', 'Museum', 'soviet', 'wasokaylol', '710']"
129,"['Going', 'see', 'night', 'museum', '2', 'tall', 'boy']"
130,"['shannyoday', 'I', 'take', 'date', 'see', 'night', 'museum', '2', 'whenever', 'want', 'look', 'soooooo', 'good']"
131,"['watch', 'The', 'Night', 'At', 'The', 'Museum', 'Getting', 'Really', 'Good']"
132,"['Night', 'Museum', 'wolverine', 'junk', 'food', 'perfect', 'monday']"
133,"['saw', 'night', 'museum', '2', 'last', 'night', 'pretty', 'crazy', 'movie', 'cast', 'awesome', 'well', 'worth', 'Robin', 'Williams', 'forever']"
134,"['I', 'saw', 'Night', 'Museum', 'Battle', 'smithsonian', 'today', 'It', 'okay', 'Your', 'typical', 'kid', 'Ben', 'tiller', 'movie']"
135,"['Taking', 'Katie', 'see', 'Night', 'Museum', 'picked']"
136,"['Night', 'Museum', 'tone', 'instead', 'UP', 'oh', 'well', '4', 'yr', 'old', 'well', 'enjoy', 'LOL']"
137,"['GM', 'say', 'expect', 'announcement', 'sale', 'summer', 'soon', 'Reuters', 'WDSUGM', 'say', 'expect', 'announcement', 'sale', 'summer']"
138,"['Its', 'unfortunate', 'Stimulus', 'plan', 'put', 'place', 'twice', 'help', 'GM', 'back', 'American', 'people', 'lead', 'inevitable']"
139,"['Tell', 'give', 'GM', 'We', 'use', 'program', 'support', 'unemployed']"
140,"['dress', 'oh', 'yes', 'GM', 'dy', 'worth', 'boo', 'sahara']"
141,"['Time', 'Warner', 'cable', 'ord', 'time', 'since', 'Memorial', 'Day', 'bummer']"
142,"['I', 'would', 'rather', 'pay', 'reasonable', 'yearly', 'tax', 'free', 'fast', 'internet', 'get', 'gouge', 'Time', 'Warner', 'slow', 'connection']"
143,"['NOOOOOOO', 'DVR', 'die', 'I', 'half', 'way', 'EA', 'presser', 'Hate', 'Time', 'Warner']"
144,"['fuck', 'Time', 'Warner', 'Cable', 'You', 'fuck', 'suck', 'ball', 'I', '700', 'HD', 'tv', 'amp', 'damn', 'HD', 'channel', 'hardly', 'ever', 'come', 'Bullshit']"
145,"['time', 'warner', 'bad', 'customer', 'service', 'ever', 'I', 'never', 'use']"
146,"['Time', 'warner', 'devil', 'Worst', 'possible', 'time', 'Internet', 'go']"
147,"['Fuck', 'internet', 'damn', 'time', 'warner']"
148,"['time', 'warner', 'really', 'pick', 'bad', 'time', 'work', 'want', 'get', 'watch', 'hill', 'wtfffff']"
149,"['I', 'hate', 'Time', 'Warner', 'soon', 'wish', 'I', 'rio', 'Cant', 'watch', 'fricker', 'Mets', 'game', 'wo', 'buffering', 'I', 'feel', 'like', 'im', 'watch', 'free', 'internet', 'porn']"
150,"['argot', 'rid', 'stupid', 'time', 'warner', 'today', 'amp', 'take', 'nap', 'rookie', 'cook', 'Pretty', 'good', 'end', 'monday']"
151,"['Time', 'Warners', 'HD', 'line', 'crap']"
152,"['fuck', 'time', 'warner', 'cable', 'dint', 'know', 'modem', 'could', 'explode', 'Susan', 'Boyle', 'suck']"
153,"['Time', 'Warner', 'Cable', 'Pulls', 'Plug', 'The', 'Girlfriend', 'Experience']"
154,"['Time', 'Warner', 'Cable', 'slogan', 'Where', 'call', 'day', 'pm', 'Happens']"
155,"['rocamar', 'Heads', 'China', 'Building', '300', 'Stores']"
156,"['Climate', 'focus', 'turn', 'Beijing', 'The', 'United', 'Nations', 'US', 'European', 'government', 'call', 'China', 'coo']"
157,"['myfoxdc', 'Barrie', 'Students', 'Back', 'Trip', 'China', 'A', 'Silver', 'Spring', 'high', 'school', 'class', 'trip', 'China', 'en']"
158,"['Three', 'China', 'aerospace', 'giant', 'develop', 'Tianjin', 'bingham', 'New', 'Area', '229', 'B', 'yuan', 'invest']"
159,"['GM', 'CEO', 'China', 'continue', 'key', 'partner']"
160,"['LATimesautos', 'time', 'buy', 'GM', 'car']"
161,"['Recovering', 'surgerywishing', 'julesrenner']"
162,"['My', 'wrist', 'still', 'hurt', 'I', 'get', 'look', 'I', 'HATE', 'drdentistscary', 'place', 'Time', 'watch', 'Eagle', 'eye', 'If', 'want', 'join', 'text']"
163,"['Dentist', 'tomorrow', 'Have', 'brush', 'well', 'morning', 'Like', 'I', 'make', 'hair', 'nice', 'I', 'get', 'cut', 'Why']"
164,"['THE', 'DENTIST', 'LIED', 'U', 'WONT', 'FEEL', 'ANY', 'PROB', 'WONT', 'EVEN', 'NEED', 'PAIN', 'PILLS', 'MAN', 'U', 'tip', 'THIS', 'SHIT', 'HOW', 'MANY', 'PILLS', 'CAN', 'I', 'TAKE']"
165,"['kirstiealley', 'dentist', 'great', 'expensive']"
166,"['kirstiealley', 'Pet', 'Dentist']"
167,"['study', 'math', 'tomorrow', 'exam', 'dentist']"
168,"['dentist', 'wrong', 'WRONG']"
169,"['Going', 'dentist', 'later']"
170,"['Son', 'look', 'car', 'online', 'I', 'hate', 'car', 'shopping', 'Would', 'rather', 'go', 'dentist', 'Anyone', 'good', 'car', 'good', 'price', 'sell']"
171,"['cnaa', 'Baseball', 'Super', 'Regional', 'Rams', 'Club']"
172,"['start', 'play', 'Major', 'League', 'Baseball', 'mk9']"
173,"['Cardinals', 'baseball', 'advance', 'Super', 'Regionals', 'Face', 'fullerton', 'Friday']"
174,"['Sony', 'coupon', 'code', 'Expires', 'soon']"
175,"['wait', 'line', 'safeway']"
176,"['luke', 'get', 'stop', 'walk', 'safeway', 'ask', 'empty', 'pocket', 'lift', 'shirt', 'jacked']"
177,"['Did', 'realize', 'gym', 'Safeway']"
178,"['XPhile1908', 'I', 'three', 'word', 'Safeway', 'dot', 'com']"
179,"['Safeway', 'rock', 'n', 'roll', 'tonight']"
180,"['Bout', 'hit', 'safeway', 'I', 'get', 'ta', 'eat']"
181,"['Jakes', 'go', 'safeway']"
182,"['Found', 'safeway', 'Picking', 'staple']"
183,"['Safeway', 'Supermarketing', 'via', 'mobile', 'coupon']"
184,"['The', 'safeway', 'bathroom', 'still', 'smell', 'like', 'as']"
185,"['At', 'safeway', 'leghorn', 'move', 'like', 'dead']"
186,"['Your', 'Normal', 'Weight', 'How', 'Get', 'There', 'Normal', 'Eating', 'blow']"
187,"['Is', 'Eating', 'Watching', 'Movies']"
188,"['eat', 'hashemi']"
189,"['eat', 'home', 'make', 'sema']"
190,"['eat', 'cake']"
191,"['love', 'Dwight', 'Howards', 'vitamin', 'water', 'commercial', 'wish', 'NIKE', 'adidas', 'lol']"
192,"['Found', 'NOTHING', 'Nike', 'Factory', 'Off', 'Banana', 'Republic', 'Outlet']"
193,"['phone', 'May', 'Get', 'Radio', 'Tagging', 'Nike', 'Recentlyreleased', 'tune', 'version', '82', 'suggests', 'voice-over', 'functional']"
194,"['love', 'Nike', 'already', 'thats', 'run', 'spot', 'bedroom']"
195,"['Launched', 'imgsearch', 'ajax', 'query', 'webapp']"
196,"['matthewcyan', 'I', 'finally', 'get', 'around', 'use', 'query', 'make', 'bio', 'collapse', 'Yay', 'slide', 'animation']"
197,"['query', 'The', 'Ultimate', 'query', 'List']"
198,"['I', 'extract', 'opensourced', 'query', 'plug-in', 'Stormweight', 'highlight', 'text', 'regular', 'expression']"
199,"['annadebenham', 'pop', 'query', 'hack']"
200,"['query', 'Cheat', 'Sheet']"
201,"['Beginning', 'JavaScript', 'co', 'Development', 'query', 'javascript', 'co', 'query']"
202,"['PDubyaD', 'right', 'LOL', 'well', 'get', 'I', 'high', 'expectation', 'Warren', 'Buffet', 'style']"
203,"['blknprecious1', 'GREAT', 'drop', 'someone', 'sit', 'shade', 'today', 'someone', 'plant', 'tree', 'long', 'time', 'ago', 'Warren', 'Buffet']"
204,"['Warren', 'Buffet', 'economy']"
205,"['Warren', 'Buffet', 'become', 'time', 'richest', 'man', 'United', 'States', 'work', 'invest', '1', 'Big', 'idea', 'lead', 'fortune']"
206,"['According', 'create', 'school', 'Notre', 'Dame', '7', 'receiver', 'cnaa', '10', '84', 'high', 'rating', 'sweet']"
207,"['all-star', 'Basketball', 'Classic', 'Tuesday', 'Features', 'Top', 'Talent', 'Chattanoogas', 'Notre', 'Dame', 'High', 'School', 'play', 'host']"
208,"['BlondeBroad', 'definitely', 'warranty', 'amp', 'experience', 'amazon', 'support', 'kindle', 'great', 'contact', 'kindle']"
209,"['Look', 'Available', 'Amazon', 'kindle', 'amp', 'Kindle', 'DX', 'Get', 'Here', 'The', 'Top', 'Electronic', 'Book', 'Reader', 'Period', 'free', '2', 'day', 'ship']"
210,"['Time', 'Warner', 'Road', 'Runner', 'customer', 'support', 'absolutely', 'blow', 'I', 'hate', 'highspeed', 'net', 'option', 'Im', 'ready', 'go', 'nuclear']"
211,"['Time', 'Warner', 'cable', 'phone', 'rep', 'r', 'number', 'nail', 'UGH', 'Cable', 'work', '10', 'min', 'ago', 'wwf']"
212,"['siratomofbones', 'try', 'Time', 'Warner', 'wasnt', 'nice', 'record', 'today']"
213,"['OMG', 'time', 'warner', 'fed', 'internet', 'install', 'instead', 'today', 'NEXT', 'saturday', 'another', 'week', 'wo', 'internet', 'ampehfaV9fhg', 'ml']"
214,"['thi', 'never', 'see', 'line', 'look', 'time', 'warner', 'ugh']"
215,"['Impatiently', 'await', 'arrival', 'time', 'warner', 'guy', 'Its', 'way', 'pretty', 'inside', 'afternoon']"
216,"['Man', 'accost', 'Roger', 'lederer', 'French', 'Open']"
217,"['Naive', 'Bayes', 'use', 'EM', 'Text', 'Classification', 'Really', 'Frustrating']"
218,"['We', 'go', 'Stanford', 'University', 'today', 'Got', 'tour', 'Made', 'want', 'go', 'back', 'college', 'Its', 'also', 'decide', 'kid', 'go']"
219,"['Investigation', 'pending', 'death', 'Stanford', 'CS', 'prof', 'goole', 'mentor', 'rajiv', 'Motwani', 'tip', 'techmeme']"
220,"['Im', 'go', 'bed', 'It', 'successful', 'weekend', 'Stanford', 'I', 'come']"
221,"['KarrisFoxy', 'If', 'harass', 'call', 'car', 'warranty', 'change', 'number', 'wont', 'fix', 'They', 'call', 'every', 'number', 'bag']"
222,"['Just', 'block', 'United', 'Blood', 'Services', 'use', 'goole', 'Voice', 'They', 'call', 'Car', 'Warranty', 'guy']"
223,"['attempt', 'complete', 'fail']"
224,"['broskiii', 'OH', 'SNAP', 'YOU', 'WORK', 'AT', 'attempt', 'DONT', 'YOU']"
225,"['Mbjthegreat', 'really', 'dont', 'want', 'attempt', 'phone', 'servicethey', 'suck', 'come', 'signal']"
226,"['I', 'say', 'cut', 'small', 'talk', 'attempt', 'new', 'slogan', 'Fk', 'give', 'u', 'money', 'Apologies', 'Bob', 'Geldof']"
227,"['piss', 'attempt', 'midcontract', 'upgrade', 'price', 'phone', '200', 'Im', 'go', 'pay', '499', 'something', 'I', 'thought', '299']"
228,"['Safari', '4', 'fast', 'Even', 'shitty', 'attempt', 'tether']"
229,"['ims', 'What', 'attempt', 'fuck']"
230,"['springsingfiend', 'dyer', 'sethdaggett', 'shack', 'attempt', 'drop', 'ball', 'int', 'support', 'crap', 'new', 'phone', '30', 'FAIL', 'att', 'SUCKS']"
231,"['MMBarnhill', 'yay', 'glad', 'get', 'phone', 'Still', 'damn', 'attempt']"
232,"['goole', 'Wave', 'Developer', 'sandor', 'Account', 'Request']"
233,"['Talk', 'Cheap', 'Bing', 'Ill', 'stick', 'goole']"
234,"['resounds', 'wwf', 'point', 'delete', 'sweet', 'still', 'found', 'summit', 'search', 'Twitter', 'please', 'fix', 'Thanks', 'bye']"
235,"['mattcutts', 'goole', 'profile', 'stop', 'show', 'search', 'cant', 'see', 'anymore']"
236,"['ArunBasilLal', 'I', 'love', 'goole', 'Translator', 'D', 'Good', 'day', 'mate']"
237,"['reading', 'new', 'kindle']"
238,"['My', 'kindle', 'come', 'I', 'LOVE']"
239,"['LOVING', 'new', 'kindle', 'Named', 'kenya', 'case', 'u', 'wonder', 'The', 'cookbook', 'THE', 'tool', 'cut', 'tell', 'u', 'trick', 'Best', 'gift', 'er']"
240,"['The', 'real', 'AIG', 'scandal']"
241,"['Any', 'twitter', 'apr', 'apps', 'yet']"
242,"['45', 'Pros', 'You', 'Should', 'Be', 'Following', 'Twitter']"
243,"['ibama', 'quite', 'good', 'comedian', 'check', 'dinner', 'speech', 'CNN', 'funny', 'joke']"
244,"['barak', 'ibama', 'show', 'funny', 'side', 'ggt', 'Great', 'speech']"
245,"['I', 'like', 'guy', 'barak', 'ibama', 'show', 'funny', 'side', 'ggt']"
246,"['drama', 'speech', 'pretty', 'awesome', 'last', 'night']"
247,"['Reading', 'Bill', 'Clinton', 'Fail', 'ibama', 'Win']"
248,"['ibama', 'More', 'Popular', 'Than', 'US', 'Among', 'Arabs', 'Survey', 'President', 'barak', 'drama', 'popularity', 'lead', 'Arab', 'country']"
249,"['drama', 'get', 'JOKES', 'aha', 'get', 'watch', 'bit', 'dinner', 'speech', 'last', 'night', 'im', 'love', 'mr', 'president']"
250,"['hebron', 'james', 'get', 'car', 'accident', 'guessjust', 'heard', 'even', 'newson', 'cant', 'believe', 'twill', 'ok']"
251,"['best', 'playoff', 'year', 'oh', 'yea', 'hebron', 'melo', 'final']"
252,"['khalid0456', 'No', 'hebron', 'best']"
253,"['therealusher', 'hebron', 'cool', 'I', 'like', 'personality', 'good', 'character']"
254,"['Watching', 'hebron', 'highlight', 'Damn', 'night', 'good']"
255,"['Lou911', 'hebron', 'MURDERING', 'shit']"
256,"['uscsports21', 'hebron', '24', 'sh', 'The', 'world', 'paint', 'ready']"
257,"['cthagod', 'hebron', 'do', 'NBA', 'probably', 'great', 'Kobe', 'Like', 'u', 'say', 'Kobe', 'good', 'a lot', 'good', 'player']"
258,"['KOBE', 'IS', 'GOOD', 'BT', 'hebron', 'HAS', 'MY', 'VOTE']"
259,"['Kobe', 'best', 'world', 'hebron']"
260,"['asherroth', 'World', 'Cup', '2010', 'Access', 'Damn', 'thats', 'good', 'look']"
261,"['Just', 'bought', 'ticket', '2010', 'FIFA', 'World', 'Cup', 'South', 'Africa', 'Its', 'go', 'great', 'summer']"
262,"['Share', 'DisruptionFred', 'Wilsons', 'slide', 'talk', 'goole', 'HQ']"
263,"['I', 'go', 'Booz', 'Allen', 'Hamilton', 'hr', 'meeting', 'But', 'get', 'go', 'home']"
264,"['The', 'great', 'Indian', 'yamaha', 'truly', 'unfold', 'May', '16', 'result', 'day', 'Indian', 'General', 'Election']"
265,"['crane', 'I', 'kindle', 'Ive', 'see', 'picture', 'DX', 'havent', 'see', 'person', 'I', 'love', 'Kindle', 'Im', 'everyday']"
266,"['criticalpath', 'Such', 'awesome', 'idea', 'continual', 'learn', 'program', 'kindle']"
267,"['ok', 'nothing', 'think', '40']"
268,"['faithbabywear', 'Ooooh', 'model', 'get', 'I', '40', 'LOVE', 'LOVE', 'LOVE', 'LOVE']"
269,"['The', 'Times', 'India', 'The', 'wonder', 'india', 'election']"
270,"['Good', 'video', 'goole', 'use', 'search', 'option']"
271,"['ambcharlesfield', 'lol', 'Ah', 'skin', 'itchy', 'damn', 'lawnmowing']"
272,"['itchy', 'back', 'dont', 'ya', 'hate']"
273,"['Stanford', 'Charity', 'Fashion', 'Show', 'top', 'draw']"
274,"['Stanford', 'university', 'casebook', 'Profile', 'One', 'Most', 'Popular', 'Official', 'University', 'Pages']"
275,"['lyn', 'cool']"
276,"['soon', 'disappointed', 'THEY', 'SENT', 'DANNY', 'gooey', 'HOME', 'YOU', 'STiLL', 'ROCK', 'DANNY', 'MY', 'HOMETOWN', 'HERO', 'YEAH', 'MiLROCKEE']"
277,"['PassionModel', 'American', 'Idol', 'fashion', 'Adam', 'Lambert', 'tone', 'Danny', 'gooey', 'cute']"
278,"['dannygokey', 'I', 'love', 'DANNY', 'gooey']"
279,"['justindavey', 'tweetmeme', 'GM', 'instar', 'instantly', 'sends', 'accident', 'location', 'coordinate', '911', 'GPS', 'Obsessed']"
280,"['tire', 'dint', 'sleep', 'well', 'last', 'night']"
281,"['Boarding', 'plane', 'San', 'Francisco', '1', 'hour', '6', 'hr', 'flight', 'beech']"
282,"['bonjour', 'San', 'Francisco', 'My', 'back', 'hurt', 'last', 'night']"
283,"['breaker', 'San', 'Francisco', 'CA']"
284,"['Heading', 'San', 'Francisco']"
285,"['With', 'best', 'girl', 'hour', 'San', 'francisco', 'Mmmmmfamily', 'wonderful']"
286,"['F', 'big', 'go', 'home', 'AIG']"
287,"['Went', 'see', 'Star', 'Trek', 'movie', 'last', 'night', 'Very', 'satisfy']"
288,"['I', 'cant', 'wait', 'go', 'see', 'star', 'trek', 'tonight']"
289,"['Star', 'Trek', 'good', 'everyone', 'say']"
290,"['love', 'new', 'malcolm', 'gladwell', 'book', 'outlier']"
291,"['I', 'highly', 'recommend', 'Malcolm', 'gladwell', 'The', 'Tipping', 'Point', 'My', 'next', 'audiobook', 'probably', 'one', 'well']"
292,"['Malcolm', 'Gladwell', 'genius', 'trick', 'people', 'realize', 'he', 'fuck', 'idiot']"
293,"['sportsguy33', 'hey', 'offense', 'malcolm', 'gladwell', 'pretentious', 'annoy', 'cunt', 'brings', 'cant', 'read', 'shit']"
294,"['cashmore', 'Great', 'article', 'Malcolm', 'Gladwell']"
295,"['I', 'seriously', 'underestimated', 'Malcolm', 'Gladwell', 'I', 'want', 'meet', 'dude']"
296,"['hate', 'coast', 'right', 'everything', 'cable', 'internet', 'amp', 'phoneughh']"
297,"['coast', 'suck']"
298,"['The', 'day', 'I', 'never', 'deal', 'coast', 'rank', 'one', 'best', 'day', 'life']"
299,"['tommy', 'coast', 'fail']"
300,"['How', 'use', 'twitter', 'API']"
301,"['curse', 'Twitter', 'API', 'limit']"
302,"['Now', 'I', 'see', 'Dave', 'winter', 'scream', 'lack', 'Twitter', 'API', 'limitation', 'access', 'throttle']"
303,"['test', 'Twitter', 'API']"
304,"['Arg', 'Twitter', 'API', 'make', 'crazy']"
305,"['Testing', 'Twitter', 'API', 'Remote', 'Update']"
306,"['Im', 'really', 'love', 'new', 'search', 'site', 'WolframAlpha', 'Makes', 'goole', 'seem', 'quaint']"
307,"['wolfram', 'Alpha', 'SUCKS', 'Even', 'researcher', 'information', 'provide', 'less', 'get', 'goole', 'wikipedia', 'totally', 'useless']"
308,"['Off', 'NIKE', 'factory']"
309,"['New', 'nike', 'muppet', 'commercial', 'pretty', 'cute', 'Why', 'live', 'together']"
310,"['New', 'blow', 'post', 'Nike', 'Zoom', 'hebron', 'Soldier', '3', 'III', 'White', 'Black', 'Teal']"
311,"['New', 'blow', 'post', 'Nike', 'Trainer', '1']"
312,"['Fraggle312', 'oh', 'awesome', 'wish', 'own', 'nike']"
313,"['tomahawk', 'AWESOME', 'Seeing', 'show', 'Friday', 'Shoreline', 'Amphitheatre', 'Never', 'see', 'NIN', 'Cant', 'wait']"
314,"['arch', 'Its', 'weka', 'bug', 'I', 'spent', 'almost', 'two', 'hour', 'find', 'crappy']"
315,"['mite', 'hey', 'bud', 'np', 'I', 'love', '50', 'although', 'Id', 'love', 'mkII']"
316,"['jonduenas', 'robynlyn', 'get', 'u', '50', 'office', 'D']"
317,"['Just', 'picked', 'new', 'Canon', 'audit', 'beautiful', 'Prepare', 'seriously', 'awesome', 'photography']"
318,"['Just', 'get', 'new', 'toy', 'Canon', '50', 'Love', 'love', 'love']"
319,"['Learning', 'lambda', 'calculus']"
320,"['job', 'intercity', 'Help', 'take', 'care', 'sick', 'child', 'East', 'Palo', 'Alto', 'CA']"
321,"['Im', 'move', 'East', 'Palo', 'Alto']"
322,"['debit', 'I', 'finish', 'watch', 'Stanford', 'phone', 'Class', 'session', 'I', 'really', 'appreciate', 'You', 'Rock']"
323,"['tweet', 'Hi', 'Just', 'saw', 'Stanford', 'talk', 'really', 'like', 'advice', 'Just', 'say', 'Hi', 'Singapore', 'yes', 'video', 'get', 'around']"
324,"['MBA', 'Admissions', 'Tips', 'Stanford', 'sb', 'Deadlines', 'Essay', 'Topics', '20092010']"
325,"['Ethics', 'nonprofit', 'stanford', 'socialentrepreneurship']"
326,"['maker', 'tonight', 'let', 'go']"
327,"['Will', 'maker', 'kick', 'Nuggets', 'as', 'tonight']"
328,"['Oooooooh', 'North', 'Korea', 'troubleeeee']"
329,"['Wat', 'heck', 'North', 'Korea', 'They', 'conduct', 'powerful', 'nuclear', 'test', 'Follow', 'link']"
330,"['Listening', 'ibama', 'frigging', 'North', 'Korea']"
331,"['I', 'realize', 'three', 'monkey', 'white', 'ObamaBidenPelosi', 'Sarah', 'Palin', '2012']"
332,"['fox', 'pylorus', 'stay', 'China', 'never', 'come', 'back']"
333,"['Nancy', 'pylorus', 'give', 'bad', 'commencement', 'speech', 'Ive', 'ever', 'heard', 'Yes', 'Im', 'still', 'bitter']"
334,"['ugh', 'amount', 'time', 'stupid', 'insect', 'bitten', 'gdr']"
335,"['Prettiest', 'insect', 'EVER', 'Pink', 'Katydids']"
336,"['Just', 'get', 'barrage', 'horde', 'insect', 'hungry', 'kitchen', 'light', 'So', 'scary']"
337,"['Just', 'McDonalds', 'dinner', 'D', 'It', 'goodwood', 'Big', 'Mac', 'Meal']"
338,"['AHH', 'YES', 'LOL', 'TELL', 'MY', 'HUBBY', 'TO', 'GO', 'GET', 'ME', 'SUM', 'MCDONALDS']"
339,"['Stopped', 'lunch', 'McDonalds', 'Chicken', 'Nuggetssss', 'yummmmmy']"
340,"['Could', 'go', 'lot', 'McDonalds', 'mean', 'A', 'LOT']"
341,"['exam', 'go', 'good', 'HelloLeonie', 'prayer', 'work']"
342,"['Only', 'one', 'exam', 'left', 'happy', 'D']"
343,"['Math', 'review', 'Im', 'go', 'fail', 'exam']"
344,"['Colin', 'Powell', 'rock', 'yesterday', 'CBS', 'Cheney', 'need', 'shut', 'hell', 'go', 'homePowell', 'man', 'Honor', 'serve', 'country', 'proudly']"
345,"['obviously', 'side', 'Cheney']"
346,"['Absolutely', 'hilarious', 'washable']"
347,"['washable', 'I', 'never', 'thank', 'include', 'Top', '100', 'Twitter', 'Authors', 'You', 'Rock', 'amp', 'I', 'New', 'Wave', 'D']"
348,"['Learning', 'query', '13', 'Book', 'Review']"
349,"['shop', 'Awesome', 'query', 'reference', 'book', 'Coda', 'redesign']"
350,"['Ive', 'send', 'email', 'like', 'crazy', 'today', 'contactsdoes', 'anyone', 'contact', 'goodbye', 'silverstein', 'love', 'speak']"
351,"['Adobe', 'c', 'commercial', 'goodbye', 'Silverstein']"
352,"['goodbye', 'silverstein', 'new', 'site', 'I', 'enjoy']"
353,"['Wow', 'everyone', 'goole', 'IO', 'conference', 'get', 'free', 'gas', 'month', 'unlimited', 'service']"
354,"['vkerkez', 'good', 'I', 'get', 'free', 'goole', 'android', 'phone', 'IO', 'conference', 'The', 'G2']"
355,"['ori', 'G2', 'amaze', 'btw', 'HUGE', 'improvement', 'G1']"
356,"['tml', '5', 'Demos', 'Lots', 'great', 'stuff', 'come', 'Yes', 'Im', 'excite', '  2009', 'googleio']"
357,"['googleio', 'Yay', 'Happy', 'place', 'Place', 'place', 'I', 'love', 'goole']"
358,"['GoogleIO', 'old', 'Bringing', 'graphic', 'browser', 'Very', 'nice', 'th', 'fungus']"
359,"['Awesome', 'viral', 'marketing', 'Funny', 'People']"
360,"['Watching', 'programme', 'life', 'Hitler', 'enhance', 'meekness', 'history']"
361,"['saw', 'night', 'museum', 'sheer', 'desperation', 'funding', 'movie']"
362,"['Night', 'At', 'The', 'Museum', '2', 'Pretty', 'durkin', 'good']"
363,"['Watching', 'Night', 'Museum', 'giggle']"
364,"['pambeeslyjenna', 'Jenna', 'I', 'go', 'see', 'Night', 'At', 'The', 'Museum', '2', 'today', 'I', 'surprised', 'see', 'three', 'cast', 'member', 'The', 'Office']"
365,"['About', 'watch', 'Night', 'Museum', 'Ryan', 'Stacy']"
366,"['Getting', 'ready', 'go', 'watch', 'Night', 'Museum', '2', 'Dum', 'dum', 'give', 'gum', 'gum']"
367,"['Back', 'see', 'Star', 'Trek', 'Night', 'Museum', 'Star', 'Trek', 'amaze', 'Night', 'Museum', 'eh']"
368,"['watch', 'night', 'museum', '2', 'stink', 'cute']"
369,"['So', 'Night', 'Museum', '2', 'AWESOME', 'Much', 'well', 'part', '1', 'Next', 'weekend', 'well', 'see', 'Up']"
370,"['I', 'think', 'I', 'may', 'new', 'favorite', 'restaurant', 'On', 'way', 'see', 'Night', 'Museum', '2']"
371,"['UP', 'sell', 'im', 'see', 'Night', 'At', 'The', 'Museum', '2', 'Im', 'year', 'old']"
372,"['saw', 'new', 'Night', 'Museum', 'love', 'Next', 'go', 'see', 'UP']"
373,"['It', 'shame', 'GM', 'What', 'force', 'make', 'car', 'White', 'House', 'THINKS', 'sell', 'What', 'think']"
374,"['As', 'u', 'may', 'notice', 'happy', 'GM', 'situation', 'AIG', 'Lehman', 'et', 'al']"
375,"['ibama', 'Nationalization', 'GM', 'short-term', 'AP']"
376,"['pittston', 'GM', 'good', 'riddance', 'sad', 'though']"
377,"['I', 'Will', 'NEVER', 'Buy', 'Government', 'Motors', 'Vehicle', 'Until', 'recently', 'I', 'drove', 'GM', 'car', 'Since', '1988', 'I', 'bought']"
378,"['Having', 'old', 'coca-cola', 'guy', 'GM', 'board', 'stupid', 'heck', 'cot', 'ala']"
379,"['RantsAndRaves', 'The', 'bad', 'thing', 'GM', 'concord', 'pleasant', 'hill', 'martinez', 'fuck', 'law']"
380,"['Give', 'man', 'fish', 'u', 'feed', 'day', 'Teach', 'fish', 'u', 'feed', 'life', 'Buy', 'GM', 'u', 'FK', 'good']"
381,"['The', 'I', 'hear', 'GM', 'thing', 'angry', 'I', 'get', 'Billions', 'waste', 'bullshit', 'All', 'something', 'like', '40', 'employee']"
382,"['QuantTrader', 'GM', 'car', 'junk', 'far', 'quality', 'compare', 'honda']"
383,"['sad', 'daybankrupt', 'GM']"
384,"['upset', 'whole', 'GM', 'thing', 'life', 'know', 'screw']"
385,"['whoever', 'run', 'time', 'warner', 'need', 'repeatedly', 'rap', 'rhino', 'understand', 'consequence', 'put', 'shitty', 'cable', 'svqs']"
386,"['Time', 'Warner', 'CEO', 'hint', 'online', 'fee', 'magazine', 'AP', 'Read', 'Mountain', 'ViewUnited', 'States', 'Views', '16209']"
387,"['wtb', 'Joining', 'bit', 'late', 'My', 'connection', 'boo', 'time', 'warner']"
388,"['Cox', 'Time', 'Warner', 'Cox', 'cheaper', 'get', 'B', 'dslreports', 'TW', 'expensive', 'get', 'C']"
389,"['furious', 'time', 'warner', 'phone', 'promotion']"
390,"['Just', 'get', 'home', 'chickfila', 'boy', 'Damn', 'internet', 'stupid', 'time', 'warner']"
391,"['could', 'time-warner', 'cable', 'suck', 'NO']"
392,"['Pissed', 'Time', 'Warner', 'cause', 'slow', 'internet', 'problem']"
393,"['sportsguy33', 'mmm', 'Time', 'Warner', 'problem']"
394,"['You', 'guy', 'see', 'Why', 'Time', 'Warner', 'suck', 'much', 'as', 'Really', 'wish', 'I', 'could', 'get', 'verse', 'apartment']"
395,"['sportsguy33', 'The', 'upside', 'Time', 'Warner', 'unhelpful', 'phone', 'operator', 'superstor', 'onsite', 'service', 'Crap', 'thats', 'upside']"
396,"['sportsguy33', 'New', 'Time', 'Warner', 'slogan', 'Time', 'Warner', 'make', 'long', 'day', 'cable']"
397,"['confirm', 'Time', 'Warners', 'fault', 'Facebooks', 'fb', 'take', '3', 'minute', 'load', 'tempt', 'switch', 'version']"
398,"['sportsguy33', 'Time', 'Warner', 'epic', 'fail']"
399,"['Lawson', 'head', 'needle', 'Hong', 'Kong', 'business', 'china']"
400,"['Weird', 'Piano', 'Guitar', 'House', 'China']"
401,"['Send', 'u', 'chevy', 'photo']"
402,"['I', 'know', 'How', 'sad', 'caseymercier', 'st', 'day', 'hurricane', 'season', 'Thats', 'less', 'scar', 'govt', 'take', 'GM']"
403,"['GM', 'file', 'Bankruptcy', 'good', 'sign']"
404,"['yankee', 'mets', 'lose', 'good', 'day']"
405,"['My', 'dentist', 'apt', 'today', 'actually', 'quite', 'enjoyable']"
406,"['I', 'hate', 'eff', 'dentist']"
407,"['stevemoakler', 'dentist', 'apt', 'morning', 'conversation']"
408,"['kirstiealley', 'I', 'hate', 'go', 'dentist']"
409,"['hate', 'dentistwho', 'invent', 'anyways']"
410,"['dentist', 'office', 'cold']"
411,"['Check', 'video', 'David', 'After', 'Dentist']"
412,"['First', 'dentist', 'appointment', 'year', 'Wednesday', 'possibly']"
413,"['Tom', 'shanahan', 'late', 'column', 'sd', 'cnaa', 'Baseball', 'Regional', 'appearance']"
414,"['blow', 'Baseball', 'America', 'Prospects', 'blow', 'blow']"
415,"['Portland', 'city', 'politics', 'may', 'undo', 'baseball', 'park']"
416,"['WaterSISWEB', 'CA', 'mercedes', 'water', 'bottle', 'Safeway', 'resold', 'profit', 'Wells', 'dry', 'across', 'county']"
417,"['drop', 'broccoli', 'walk', 'home', 'safeway', 'depressed']"
418,"['ronson', 'dont', 'Safeway']"
419,"['Just', 'apply', 'Safeway', 'eee-eee']"
420,"['Safeway', 'Place', 'nightmare', 'right', 'Bumming']"
421,"['safeway', 'dad']"
422,"['HATE', 'safeway', 'select', 'green', 'tea', 'icecream', 'bought', 'two', 'carton', 'waste', 'money', 'gilt']"
423,"['Safeway', 'Marvin', 'panel', 'Auntie', 'lou']"
424,"['Safeway', 'offering', 'mobile', 'coupon']"
425,"['phillips', 'Driving', 'Cadillac', 'Top', 'Down', 'Cali', 'Win', '53']"
426,"['Saved', 'money', 'opt', 'grocery', 'store', 'trip', 'stock', 'food', 'hotel', 'room', 'fridge', 'v', 'eat', 'every', 'night', 'town']"
427,"['Lounging', 'around', 'eat', 'Taco', 'Bell', 'watch', 'ci', 'work', 'tonight', 'Need', 'help', 'stay', 'awake']"
428,"['eat', 'breakfast', 'school']"
429,"['still', 'hungry', 'eat']"
430,"['10', 'tip', 'healthy', 'eat', 'result', 'Fitness', 'blow', 'Fitness']"
431,"['boyfriend', 'eat', 'quesadilla']"
432,"['Eating', 'dinner', 'Meat', 'chip', 'risotto']"
433,"['get', 'new', 'pair', 'nike', 'shoe', 'pic', 'later']"
434,"['Nike', 'SB', 'Blazer', 'High', 'act', 'Custom', 'Brad', 'Douglas']"
435,"['Nike', 'rock', 'Im', 'super', 'grateful', 'Ive', 'do', 'amp', 'European', 'Division', 'NIKE', 'BEYOND', 'whistle', 'muchasmuertes']"
436,"['Nike', 'Air', 'needy', 'KhakiPink', 'colourway', 'Release']"
437,"['evelynbyrne', 'try', 'Nike', 'V', 'addictive']"
438,"['erickson', 'That', 'look', 'awful', 'lot', 'like', 'one', 'like', 'private', 'jetsam', 'say']"
439,"['The', 'Nike', 'Training', 'Club', 'beta', 'phone', 'app', 'look', 'interest']"
440,"['argghhhh', 'wont', 'query', 'appear', 'safari', 'bad', 'safari']"
441,"['DevSnippets', 'query', 'Tools', 'Javascript', 'UI', 'Components', 'Web']"
442,"['Ajaxjquery', 'co', 'JavaScript', 'many', 'example']"
443,"['Im', 'ready', 'drop', 'pretence', 'I', 'forever', 'love', 'query', 'I', 'want', 'marry', 'Sorry', 'lady', 'nerd', 'jqueryspokenForjs']"
444,"['This', 'cold', 'I', 'look', 'goggles', 'chartvisualization', 'API', 'found', 'query', 'wrapper', 'API']"
445,"['I', 'spent', 'day', 'reading', 'query', 'book', 'Now', 'start', 'drinking', 'delirium', 'tree']"
446,"['query', 'Selectors']"
447,"['How', 'implement', 'news', 'ticker', 'query', 'ten', 'line', 'code']"
448,"['Whats', 'Buffet', 'Doing', 'Warren', 'Buffett', 'Kicks', 'Butt', 'In', 'Battle', 'Boots', 'Posted', 'alex', 'cripps']"
449,"['SUPER', 'INVESTORS', 'A', 'great', 'weekend', 'read', 'Warren', 'Buffet', 'Oldie', 'goodie']"
450,"['Im', 'truly', 'brain-dead', 'I', 'couldnt', 'come', 'Warren', 'Buffets', 'name', 'save', 'soul']"
451,"['reading', 'Michael', 'Palin', 'book', 'The', 'Python', 'Yearsgreat', 'book', 'I', 'also', 'recommend', 'Warren', 'Buffet', 'amp', 'Nelson', 'mandela', 'bio']"
452,"['I', 'mean', 'Im', 'Notre', 'Dame', 'I', 'Its', 'good', 'school', 'Id', 'closer', 'Dan', 'Id', 'enjoy']"
453,"['I', 'cant', 'watch', 'TV', 'without', 'tito', 'And', 'year', 'time-warner', 'DVR', 'STILL', 'suck']"
454,"['Id', 'say', 'sport', 'writer', 'idiot', 'say', 'Roger', 'lederer', 'one', 'best', 'ever', 'Tennis', 'Roger', 'lederer', 'THE', 'best', 'ever', 'Tennis']"
455,"['I', 'still', 'love', 'kindle', 'reading', 'The', 'New', 'York', 'Times', 'feel', 'natural', 'I', 'miss', 'Bloomingdale', 'ad']"
456,"['I', 'love', 'kindle', 'No', 'stack', 'book', 'trip', 'way', 'loo']"
457,"['Although', 'today', 'keynote', 'rock', 'every', 'great', 'announcement', 'attempt', 'shit', 'u', 'little', 'bit']"
458,"['sheridanmarfil', 'much', 'obsession', 'cell', 'phone', 'phone', 'im', 'slave', 'attempt', 'forever']"
459,"['freitas', 'oh', 'I', 'see', 'I', 'thought', 'attempt', '900MHz', 'cdna']"
460,"['slip', 'Where', 'read', 'tether', 'support', 'Phil', 'Just', 'attempt', 'O2', 'join']"
461,"['Fuzzball', 'fun', 'attempt', 'P']"
462,"['Today', 'good', 'day', 'dislike', 'attempt', 'Vote', 'office', 'indeed', 'danielpunkass']"
463,"['GOT', 'MY', 'WAVE', 'sandor', 'INVITE', 'Extra', 'excite', 'Too', 'bad', 'I', 'class', 'Ill', 'play', 'soon', 'enough', '  2009', 'wave']"
464,"['look', 'like', 'summit', 'go', 'many', 'sweet', 'wwc', 'perhaps']"
465,"['I', 'hope', 'girl', 'work', 'buy', 'kindle']"
466,"['Missed', 'insightfilled', 'May', 'column', 'One', 'smart', 'guy', 'look', 'closely', 'he', 'impressed', 'kindle', 'rough']"
467,"['sklososky', 'Thanks', 'much', 'one', 'happy', 'kindle', 'winner', 'I', 'surprised', 'fabulous', 'Thank', 'Best', 'Kathleen']"
468,"['Man', 'I', 'kinda', 'dislike', 'Apple', 'right', 'Case', 'point', 'phone', 'bgs', 'Wish', 'video', 'recorder', 'app', 'Please']"
469,"['cwong08', 'I', 'kindle', 'amp', 'Sony', 'PRS500', 'Like', 'Physical', 'device', 'feel', 'good', 'Font', 'nice', 'Pg', 'turn', 'snappy', 'enuff', 'UI', 'little', 'clunky']"
470,"['The', 'kindle', 'seem', 'best', 'reader', 'work', 'UK', 'I', 'get', 'one']"
471,"['I', 'goole', 'addiction', 'Thank', 'point', 'annamartin123', 'sahara']"
472,"['rubygem', 'My', 'primary', 'debit', 'card', 'Visa', 'Electron']"
473,"['Off', 'bank', 'get', 'new', 'visa', 'platinum', 'card']"
474,"['dearest', 'goole', 'rich', 'bastard', 'VISA', 'card', 'sent', 'work', 'screw', 'little', 'guy', 'like']"
475,"['date', 'bobby', 'flay', 'gut', 'fiery', 'food', 'network']"
476,"['Excited', 'see', 'Bobby', 'Flay', 'Guy', 'fiery', 'tomorrow', 'Great', 'American', 'Food', 'amp', 'Music', 'Fest']"
477,"['Gon', 'na', 'go', 'see', 'Bobby', 'Flay', 'moro', 'Shoreline', 'Eat', 'drink', 'Gon', 'na', 'good']"
478,"['cant', 'wait', 'great', 'american', 'food', 'music', 'festival', 'shoreline', 'tomorrow', 'mmmkatz', 'pastrami', 'bobby', 'flay', 'yes', 'please']"
479,"['My', 'dad', 'NY', 'day', 'ate', 'MESA', 'grill', 'last', 'night', 'met', 'Bobby', 'Flay', 'So', 'much', 'fun', 'except', 'I', 'completely', 'lose', 'voice', 'today']"
480,"['Fighting', 'LaTex', 'Again']"
481,"['Iheartseverus', 'love', 'dont', 'want', 'die', 'Latex', 'devil']"
482,"['7', 'hour', '7', 'hour', 'inchcape', 'crash', 'normally', 'solid', 'rock', '7', 'hour', 'LaTeX', 'complain', 'slightest', 'thing', 'I', 'cant', 'take']"
483,"['How', 'Track', 'Iran', 'Social', 'Media']"
484,"['Shits', 'hit', 'fan', 'Irancraziness', 'indeed', 'iranelection']"
485,"['Monday', 'already', 'Iran', 'may', 'implode', 'Kitchen', 'disaster', 'annagoss', 'seem', 'happy', 'nebulous', 'nice', 'weekend', 'goldpanda', 'great', 'whoop']"
486,"['Twitter', 'Stock', 'buzz', 'apl', 'ESF', 'SPY', 'six', 'PALM', 'update', '1200', 'PM']"
487,"['get', 'ready', 'test', 'burger', 'receives', 'weekend', 'Bobby', 'Flay', 'great', 'receives', 'try', 'Thanks', 'Bobby']"
488,"['johncmayer', 'Bobby', 'Flay', 'join']"
489,"['lam', 'love', 'Bobby', 'Flay', 'favorite', 'terrysimpson', 'belay', 'need', 'place', 'Phoenix', 'We', 'great', 'pepper']"
490,"['I', 'create', 'first', 'LaTeX', 'file', 'scratch', 'That', 'dint', 'work', 'well', 'See', 'amandabittner', 'great', 'time', 'waster']"
491,"['use', 'linx', 'love', 'much', 'nicer', 'window', 'Looking', 'forward', 'use', 'wysiwyg', 'latex', 'editor']"
492,"['After', 'use', 'LaTeX', 'lot', 'typeset', 'mathematics', 'look', 'hideous']"
493,"['Ask', 'Programming', 'LaTeX', 'design', 'submit', 'calcium', 'link', '1', 'comment']"
494,"['On', 'note', 'I', 'hate', 'Word', 'I', 'hate', 'Pages', 'I', 'hate', 'LaTeX', 'There', 'I', 'say', 'I', 'hate', 'LaTeX', 'All', 'TEXN3RDS', 'come', 'kill']"
495,"['Ahhh', 'back', 'real', 'text', 'edit', 'environment', 'I', 'ltd', 'LaTeX']"
496,"['Trouble', 'Iran', 'I', 'see', 'Hmm', 'Iran', 'Iran', 'far', 'away', 'flockofseagullsweregeopoliticallycorrect']"
497,"['Reading', 'sweet', 'come', 'Iran', 'The', 'whole', 'thing', 'terrify', 'incredibly', 'sad']"
